Unnamed: 0,track_id,artists,album_name,track_name,popularity,duration_ms,explicit,danceability,energy,key,loudness,mode,speechiness,acousticness,instrumentalness,liveness,valence,tempo,time_signature,track_genre
68673,1797zYiX4cKosMH836X9Gt,Bad Bunny;Tony Dize,Un Verano Sin Ti,La Corriente,90,198367,TRUE,0.663,0.786,11,-3.51,0,0.195,0.229,0,0.219,0.579,196.12,4,latino
88814,1797zYiX4cKosMH836X9Gt,Bad Bunny;Tony Dize,Un Verano Sin Ti,La Corriente,90,198367,TRUE,0.663,0.786,11,-3.51,0,0.195,0.229,0,0.219,0.579,196.12,4,reggae
89724,1797zYiX4cKosMH836X9Gt,Bad Bunny;Tony Dize,Un Verano Sin Ti,La Corriente,90,198367,TRUE,0.663,0.786,11,-3.51,0,0.195,0.229,0,0.219,0.579,196.12,4,reggaeton
98206,0Iys022UwQ8xBfxE1g4nWZ,Christopher Jackson;Lin-Manuel Miranda;Original Broadway Cast of Hamilton,Hamilton (Original Broadway Cast Recording),One Last Time,62,296387,FALSE,0.449,0.42,8,-9.624,1,0.356,0.631,0,0.0805,0.41,176.989,4,show-tunes
68912,71wFwRo8xGc4lrcyKwsvba,Bad Bunny;Tainy,Un Verano Sin Ti,Callaita,81,250533,FALSE,0.608,0.626,2,-4.773,1,0.301,0.597,2.16E-06,0.25,0.246,176.086,4,latino
89954,71wFwRo8xGc4lrcyKwsvba,Bad Bunny;Tainy,Un Verano Sin Ti,Callaita,81,250533,FALSE,0.608,0.626,2,-4.773,1,0.301,0.597,2.16E-06,0.25,0.246,176.086,4,reggaeton
33534,7hwthq1edAI6IMNBmmypqH,Killing Me Inside,One Reason,For One Last Time,39,291093,FALSE,0.422,0.936,5,-3.835,0,0.126,0.00245,1.95E-05,0.231,0.226,159.941,4,emo
86960,7hwthq1edAI6IMNBmmypqH,Killing Me Inside,One Reason,For One Last Time,39,291093,FALSE,0.422,0.936,5,-3.835,0,0.126,0.00245,1.95E-05,0.231,0.226,159.941,4,punk
49154,17dA9QaEEmG22ELHhuA5Ca,Deetox;Crystal Mad,Fallen,One Last Time,25,187354,FALSE,0.389,0.88,10,-2.732,0,0.0429,0.0572,0,0.105,0.167,155.032,4,hardstyle
68866,6VrQTLzzuyGIYjUDe4kAZk,Bad Bunny,Un Verano Sin Ti,Un Coco,87,196412,FALSE,0.839,0.69,11,-4.464,1,0.0615,0.207,8.33E-06,0.176,0.744,151.991,4,latino
89913,6VrQTLzzuyGIYjUDe4kAZk,Bad Bunny,Un Verano Sin Ti,Un Coco,87,196412,FALSE,0.839,0.69,11,-4.464,1,0.0615,0.207,8.33E-06,0.176,0.744,151.991,4,reggaeton
91653,3z8h0TU7ReDPLIbEnYhWZb,Queen,Bohemian Rhapsody (The Original Soundtrack),Bohemian Rhapsody,75,354947,FALSE,0.39,0.397,0,-9.963,0,0.0513,0.287,0,0.207,0.246,144.031,4,rock
17695,0tjeY2rdrKjUjtO5IwKusl,Glee Cast;Jonathan Groff,"Glee: The Music, Journey To Regionals",Bohemian Rhapsody (Glee Cast Version) (feat. Jonathan Groff),45,356133,FALSE,0.388,0.419,0,-7.111,0,0.0286,0.417,0,0.171,0.382,143.099,4,club
68816,5kVZxyMY1gfdCLiChsfjn1,Bad Bunny,Un Verano Sin Ti,Yo No Soy Celoso,85,230704,TRUE,0.872,0.588,0,-6.276,1,0.0492,0.275,0,0.17,0.93,142.004,4,latino
89916,5kVZxyMY1gfdCLiChsfjn1,Bad Bunny,Un Verano Sin Ti,Yo No Soy Celoso,85,230704,TRUE,0.872,0.588,0,-6.276,1,0.0492,0.275,0,0.17,0.93,142.004,4,reggaeton
89907,4d4ZXH4dr5bYfgErHiZCX2,Bad Bunny,Un Verano Sin Ti,Dos Mil 16,86,208615,FALSE,0.817,0.67,1,-6.534,1,0.0506,0.123,1.92E-06,0.128,0.495,130.058,3,reggaeton
68860,4d4ZXH4dr5bYfgErHiZCX2,Bad Bunny,Un Verano Sin Ti,Dos Mil 16,87,208615,FALSE,0.817,0.67,1,-6.534,1,0.0506,0.123,1.92E-06,0.128,0.495,130.058,3,latino
20306,7xoUc6faLbCqZO6fQEYprd,Ariana Grande,My Everything (Deluxe),One Last Time,83,197266,FALSE,0.628,0.593,8,-5.036,1,0.0323,0.093,1.65E-06,0.096,0.104,125.026,4,dance
7749,7sqVeKB8wgYnztqWvKRYr3,Hayseed Dixie,Killer Grass,Bohemian Rhapsody,22,220880,FALSE,0.524,0.494,2,-7.416,1,0.0435,0.677,0.000298,0.222,0.596,124.896,4,bluegrass
67700,31i56LZnwE6uSu3exoHjtB,Bad Bunny,Un Verano Sin Ti,Neverita,93,173119,FALSE,0.876,0.498,10,-7.511,1,0.0478,0.0706,0,0.143,0.428,122.016,4,latin
88500,31i56LZnwE6uSu3exoHjtB,Bad Bunny,Un Verano Sin Ti,Neverita,93,173119,FALSE,0.876,0.498,10,-7.511,1,0.0478,0.0706,0,0.143,0.428,122.016,4,reggae
89500,31i56LZnwE6uSu3exoHjtB,Bad Bunny,Un Verano Sin Ti,Neverita,93,173119,FALSE,0.876,0.498,10,-7.511,1,0.0478,0.0706,0,0.143,0.428,122.016,4,reggaeton
68916,2uflssWlCaJ6CbTMOsUpNI,Bad Bunny,Un Verano Sin Ti,Aguacero,84,210989,FALSE,0.861,0.645,6,-6.96,0,0.0743,0.423,0.000592,0.349,0.668,121.391,5,latino
89963,2uflssWlCaJ6CbTMOsUpNI,Bad Bunny,Un Verano Sin Ti,Aguacero,84,210989,FALSE,0.861,0.645,6,-6.96,0,0.0743,0.423,0.000592,0.349,0.668,121.391,5,reggaeton
72258,1CH4iKlzvNAKMT8l88Qdmr,The Plot In You,DISPOSE,ONE LAST TIME,49,199173,FALSE,0.544,0.898,7,-4.614,1,0.0642,0.00021,0.000329,0.108,0.425,120.01,4,metalcore
68974,0UvZcEfpzVyx47QsRbjyBz,Bad Bunny,Un Verano Sin Ti,El Apagón,83,201816,FALSE,0.629,0.698,8,-4.485,1,0.308,0.0509,0.00166,0.0909,0.599,117.765,4,latino
68971,0wihfILRNOwE2156Shezc8,Bad Bunny,Un Verano Sin Ti,Agosto,83,139041,FALSE,0.849,0.584,1,-8.195,0,0.115,0.0929,6.18E-06,0.492,0.724,115.018,4,latino
67865,41oY4WCTj5kccfesTVFnvN,Bad Bunny;Jhayco,Un Verano Sin Ti,Tarot,91,237894,TRUE,0.795,0.684,11,-3.971,0,0.0419,0.0225,0,0.658,0.419,114.011,4,latin
68514,41oY4WCTj5kccfesTVFnvN,Bad Bunny;Jhayco,Un Verano Sin Ti,Tarot,91,237894,TRUE,0.795,0.684,11,-3.971,0,0.0419,0.0225,0,0.658,0.419,114.011,4,latino
88604,41oY4WCTj5kccfesTVFnvN,Bad Bunny;Jhayco,Un Verano Sin Ti,Tarot,91,237894,TRUE,0.795,0.684,11,-3.971,0,0.0419,0.0225,0,0.658,0.419,114.011,4,reggae
89554,41oY4WCTj5kccfesTVFnvN,Bad Bunny;Jhayco,Un Verano Sin Ti,Tarot,91,237894,TRUE,0.795,0.684,11,-3.971,0,0.0419,0.0225,0,0.658,0.419,114.011,4,reggaeton
38064,4qEW8QgybJTgA3bKgqVpSM,Summer Salt,"Favorite Holiday, Vol. 1",One Last Time,59,217636,FALSE,0.71,0.36,1,-10.925,1,0.0281,0.753,0.233,0.0894,0.433,109.997,3,garage
68756,0E0DRHf5PfMeor0ZCwB3oT,Bad Bunny;The Marías,Un Verano Sin Ti,Otro Atardecer,85,244444,FALSE,0.777,0.595,2,-6.79,1,0.0375,0.59,0.00139,0.0669,0.546,108.02,4,latino
89803,0E0DRHf5PfMeor0ZCwB3oT,Bad Bunny;The Marías,Un Verano Sin Ti,Otro Atardecer,85,244444,FALSE,0.777,0.595,2,-6.79,1,0.0375,0.59,0.00139,0.0669,0.546,108.02,4,reggaeton
67359,1IHWl5LamUGEuP4ozKQSXZ,Bad Bunny,Un Verano Sin Ti,Tití Me Preguntó,97,243716,FALSE,0.65,0.715,5,-5.198,0,0.253,0.0993,0.000291,0.126,0.187,106.672,4,latin
68304,1IHWl5LamUGEuP4ozKQSXZ,Bad Bunny,Un Verano Sin Ti,Tití Me Preguntó,97,243716,FALSE,0.65,0.715,5,-5.198,0,0.253,0.0993,0.000291,0.126,0.187,106.672,4,latino
88407,1IHWl5LamUGEuP4ozKQSXZ,Bad Bunny,Un Verano Sin Ti,Tití Me Preguntó,97,243716,FALSE,0.65,0.715,5,-5.198,0,0.253,0.0993,0.000291,0.126,0.187,106.672,4,reggae
89405,1IHWl5LamUGEuP4ozKQSXZ,Bad Bunny,Un Verano Sin Ti,Tití Me Preguntó,97,243716,FALSE,0.65,0.715,5,-5.198,0,0.253,0.0993,0.000291,0.126,0.187,106.672,4,reggaeton
68824,2NMjggapJcXXM7WccGEBUO,Bad Bunny,Un Verano Sin Ti,Enséñame a Bailar,84,176000,FALSE,0.81,0.789,8,-5.08,1,0.0846,0.191,1.08E-05,0.467,0.77,105.009,4,latino
89868,2NMjggapJcXXM7WccGEBUO,Bad Bunny,Un Verano Sin Ti,Enséñame a Bailar,84,176000,FALSE,0.81,0.789,8,-5.08,1,0.0846,0.191,1.08E-05,0.467,0.77,105.009,4,reggaeton
68865,44XjoNvtwevktFKjvVe1vH,Bad Bunny;Buscabulla,Un Verano Sin Ti,Andrea,86,339611,TRUE,0.797,0.616,1,-10.229,0,0.375,0.762,0.000293,0.0979,0.451,103.071,4,latino
89912,44XjoNvtwevktFKjvVe1vH,Bad Bunny;Buscabulla,Un Verano Sin Ti,Andrea,86,339611,TRUE,0.797,0.616,1,-10.229,0,0.375,0.762,0.000293,0.0979,0.451,103.071,4,reggaeton
67603,6Xom58OOXk2SoU711L2IXO,Bad Bunny,Un Verano Sin Ti,Moscow Mule,94,245939,TRUE,0.804,0.674,5,-5.453,0,0.0333,0.294,1.18E-06,0.115,0.292,99.968,4,latin
68355,6Xom58OOXk2SoU711L2IXO,Bad Bunny,Un Verano Sin Ti,Moscow Mule,94,245939,TRUE,0.804,0.674,5,-5.453,0,0.0333,0.294,1.18E-06,0.115,0.292,99.968,4,latino
88450,6Xom58OOXk2SoU711L2IXO,Bad Bunny,Un Verano Sin Ti,Moscow Mule,94,245939,TRUE,0.804,0.674,5,-5.453,0,0.0333,0.294,1.18E-06,0.115,0.292,99.968,4,reggae
89450,6Xom58OOXk2SoU711L2IXO,Bad Bunny,Un Verano Sin Ti,Moscow Mule,94,245939,TRUE,0.804,0.674,5,-5.453,0,0.0333,0.294,1.18E-06,0.115,0.292,99.968,4,reggaeton
88451,5Eax0qFko2dh7Rl2lYs3bx,Bad Bunny,Un Verano Sin Ti,Efecto,95,213061,FALSE,0.801,0.475,7,-8.797,0,0.0516,0.141,1.73E-05,0.0639,0.234,98.047,4,reggae
89451,5Eax0qFko2dh7Rl2lYs3bx,Bad Bunny,Un Verano Sin Ti,Efecto,95,213061,FALSE,0.801,0.475,7,-8.797,0,0.0516,0.141,1.73E-05,0.0639,0.234,98.047,4,reggaeton
67559,5Eax0qFko2dh7Rl2lYs3bx,Bad Bunny,Un Verano Sin Ti,Efecto,96,213061,FALSE,0.801,0.475,7,-8.797,0,0.0516,0.141,1.73E-05,0.0639,0.234,98.047,4,latin
68359,5Eax0qFko2dh7Rl2lYs3bx,Bad Bunny,Un Verano Sin Ti,Efecto,96,213061,FALSE,0.801,0.475,7,-8.797,0,0.0516,0.141,1.73E-05,0.0639,0.234,98.047,4,latino
68553,4tYFy8ALRjIZvnvSLw5lxN,Bad Bunny;Rauw Alejandro,Un Verano Sin Ti,Party,90,227628,FALSE,0.829,0.799,9,-5.389,1,0.0897,0.0151,0.000543,0.242,0.471,97.013,4,latino
88652,4tYFy8ALRjIZvnvSLw5lxN,Bad Bunny;Rauw Alejandro,Un Verano Sin Ti,Party,90,227628,FALSE,0.829,0.799,9,-5.389,1,0.0897,0.0151,0.000543,0.242,0.471,97.013,4,reggae
89604,4tYFy8ALRjIZvnvSLw5lxN,Bad Bunny;Rauw Alejandro,Un Verano Sin Ti,Party,90,227628,FALSE,0.829,0.799,9,-5.389,1,0.0897,0.0151,0.000543,0.242,0.471,97.013,4,reggaeton
68716,5CzixCxDkRXX9mScCmah8O,Bad Bunny,Un Verano Sin Ti,Un Ratito,87,176936,FALSE,0.787,0.546,0,-7.094,0,0.0532,0.305,4.55E-05,0.122,0.222,93.05,4,latino
88957,5CzixCxDkRXX9mScCmah8O,Bad Bunny,Un Verano Sin Ti,Un Ratito,87,176936,FALSE,0.787,0.546,0,-7.094,0,0.0532,0.305,4.55E-05,0.122,0.222,93.05,4,reggae
89821,5CzixCxDkRXX9mScCmah8O,Bad Bunny,Un Verano Sin Ti,Un Ratito,87,176936,FALSE,0.787,0.546,0,-7.094,0,0.0532,0.305,4.55E-05,0.122,0.222,93.05,4,reggaeton
67358,6Sq7ltF9Qa7SNFBsV5Cogx,Bad Bunny;Chencho Corleone,Un Verano Sin Ti,Me Porto Bonito,97,178567,TRUE,0.911,0.712,1,-5.105,0,0.0817,0.0901,2.68E-05,0.0933,0.425,92.005,4,latin
68305,6Sq7ltF9Qa7SNFBsV5Cogx,Bad Bunny;Chencho Corleone,Un Verano Sin Ti,Me Porto Bonito,97,178567,TRUE,0.911,0.712,1,-5.105,0,0.0817,0.0901,2.68E-05,0.0933,0.425,92.005,4,latino
88405,6Sq7ltF9Qa7SNFBsV5Cogx,Bad Bunny;Chencho Corleone,Un Verano Sin Ti,Me Porto Bonito,97,178567,TRUE,0.911,0.712,1,-5.105,0,0.0817,0.0901,2.68E-05,0.0933,0.425,92.005,4,reggae
89407,6Sq7ltF9Qa7SNFBsV5Cogx,Bad Bunny;Chencho Corleone,Un Verano Sin Ti,Me Porto Bonito,97,178567,TRUE,0.911,0.712,1,-5.105,0,0.0817,0.0901,2.68E-05,0.0933,0.425,92.005,4,reggaeton
111769,3YOQjNRshNSJcrHH4Ui5gL,Jazzanova,Jazzanova EP,Bohemian Sunset,46,414693,FALSE,0.637,0.56,5,-9.319,0,0.0399,0.0268,0.484,0.128,0.732,89.51,4,trip-hop
89923,28GCbKgjlVD9eDmasGbe0T,Bad Bunny,Un Verano Sin Ti,Me Fui de Vacaciones,84,180929,FALSE,0.714,0.645,10,-5.493,1,0.0514,0.229,0.00083,0.0942,0.434,85.046,4,reggaeton
68874,28GCbKgjlVD9eDmasGbe0T,Bad Bunny,Un Verano Sin Ti,Me Fui de Vacaciones,85,180929,FALSE,0.714,0.645,10,-5.493,1,0.0514,0.229,0.00083,0.0942,0.434,85.046,4,latino
88404,3k3NWokhRRkEPhCzPmV8TW,Bad Bunny;Bomba Estéreo,Un Verano Sin Ti,Ojitos Lindos,94,258298,FALSE,0.647,0.686,3,-5.745,0,0.0413,0.08,1.34E-06,0.528,0.268,79.928,4,reggae
89403,3k3NWokhRRkEPhCzPmV8TW,Bad Bunny;Bomba Estéreo,Un Verano Sin Ti,Ojitos Lindos,94,258298,FALSE,0.647,0.686,3,-5.745,0,0.0413,0.08,1.34E-06,0.528,0.268,79.928,4,reggaeton
67500,3k3NWokhRRkEPhCzPmV8TW,Bad Bunny;Bomba Estéreo,Un Verano Sin Ti,Ojitos Lindos,95,258298,FALSE,0.647,0.686,3,-5.745,0,0.0413,0.08,1.34E-06,0.528,0.268,79.928,4,latin
68353,3k3NWokhRRkEPhCzPmV8TW,Bad Bunny;Bomba Estéreo,Un Verano Sin Ti,Ojitos Lindos,95,258298,FALSE,0.647,0.686,3,-5.745,0,0.0413,0.08,1.34E-06,0.528,0.268,79.928,4,latino
91365,4u7EnebtmKWzUH433cf5Qv,Queen,A Night At The Opera (2011 Remaster),Bohemian Rhapsody - Remastered 2011,82,354320,FALSE,0.414,0.404,0,-9.928,0,0.0499,0.271,0,0.3,0.224,71.105,4,rock
413,6f9qzNP6elRi8i2NgqGoE5,John Adams,Bohemian Rhapsody (Acoustic),Bohemian Rhapsody - Acoustic,52,173426,FALSE,0.451,0.0665,0,-13.862,0,0.0516,0.967,1.06E-06,0.109,0.349,64.289,4,acoustic
